{
  "accuracy": 0.7619047619047619,
  "precision": 0.9,
  "recall": 0.7659574468085106,
  "f1": 0.8275862068965517,
  "n_test": 63,
  "note": "Per-vehicle thresholds with global fallback"
}