Vehicle,threshold
Bus,0.3983371126228269
Car,0.3507180650037793
Lorry,0.3507180650037793
Motor Cycle,0.3983371126228269
Three Wheeler,0.3507180650037793
Van,0.3983371126228269
__GLOBAL__,0.3507180650037793
