{
  "accuracy": 0.9411764705882353,
  "precision_macro": 0.6547619047619048,
  "recall_macro": 0.7307692307692308,
  "f1_macro": 0.6839024390243902,
  "precision_weighted": 0.9355742296918768,
  "recall_weighted": 0.9411764705882353,
  "f1_weighted": 0.9347489239598278,
  "classes": [
    "Excessive Speed",
    "Mechanical Error",
    "Slipped",
    "Slipped, Excessive Speed"
  ]
}