{
  "cause_classifier": {
    "macro_f1": 0.6839024390243902,
    "per_class": {
      "Excessive Speed": {
        "precision": 0.9523809523809523,
        "recall": 1.0,
        "f1-score": 0.975609756097561,
        "support": 20.0
      },
      "Mechanical Error": {
        "precision": 0.6666666666666666,
        "recall": 1.0,
        "f1-score": 0.8,
        "support": 4.0
      },
      "Mechanical Failure": {
        "precision": 0.0,
        "recall": 0.0,
        "f1-score": 0.0,
        "support": 1.0
      },
      "Slipped": {
        "precision": 1.0,
        "recall": 0.9230769230769231,
        "f1-score": 0.96,
        "support": 26.0
      }
    },
    "macro_avg": {
      "precision": 0.6547619047619048,
      "recall": 0.7307692307692308,
      "f1-score": 0.6839024390243902,
      "support": 51.0
    },
    "weighted_avg": {
      "precision": 0.9355742296918768,
      "recall": 0.9411764705882353,
      "f1-score": 0.9347489239598278,
      "support": 51.0
    },
    "accuracy": 0.9411764705882353,
    "accuracy_explicit": 0.9411764705882353,
    "precision_macro": 0.6547619047619048,
    "recall_macro": 0.7307692307692308,
    "f1_macro": 0.6839024390243902,
    "precision_weighted": 0.9355742296918768,
    "recall_weighted": 0.9411764705882353,
    "f1_weighted": 0.9347489239598278
  },
  "segment_rate_model": {
    "rmse": 0.10884142788440572
  }
}